parameter,bin_index,bin_left,bin_right,bin_center,exp_normalized_loglikelihood
param_1,0,0.0,0.006999999999999999,0.0034999999999999996,-244924556862.3724
param_1,1,0.006999999999999999,0.014,0.010499999999999999,-4009907620.69527
param_1,2,0.014,0.021,0.0175,-3897396163.81123
param_1,3,0.021,0.028,0.0245,-3319374603.163041
param_1,4,0.028,0.035,0.0315,-4264162237.729831
param_1,5,0.035,0.042,0.038500000000000006,-3638149348.934374
param_1,6,0.042,0.04899999999999999,0.0455,-3730970585.70615
param_1,7,0.04899999999999999,0.05599999999999999,0.05249999999999999,-3852873102.355525
param_1,8,0.05599999999999999,0.063,0.0595,-4119448589.2072
param_1,9,0.063,0.07,0.0665,-3455134664.009766
param_1,10,0.07,0.077,0.07350000000000001,-3668668888.469403
param_1,11,0.077,0.08399999999999999,0.08049999999999999,-3741222706.076859
param_1,12,0.08399999999999999,0.091,0.0875,-3610600010.894864
param_1,13,0.091,0.09799999999999999,0.0945,-3565009730.704127
param_1,14,0.09799999999999999,0.105,0.10149999999999999,-4072658824.834927
param_1,15,0.105,0.112,0.1085,-3993862897.411511
param_1,16,0.112,0.119,0.11549999999999999,-3464149751.225472
param_1,17,0.119,0.126,0.1225,-3822308728.366724
param_1,18,0.126,0.133,0.1295,-3888694864.584975
param_1,19,0.133,0.14,0.1365,-3251244778.790893
param_1,20,0.14,0.147,0.14350000000000002,-3719298683.089934
param_1,21,0.147,0.154,0.1505,-3745187139.657951
param_1,22,0.154,0.161,0.1575,-3606019044.85602
param_1,23,0.161,0.168,0.1645,-3834148359.955774
param_1,24,0.168,0.175,0.17149999999999999,-3253102452.152975
param_1,25,0.175,0.182,0.1785,-3107502091.326426
param_1,26,0.182,0.189,0.1855,-3542644530.041692
param_1,27,0.189,0.196,0.1925,-3273803157.150202
param_1,28,0.196,0.203,0.1995,-3809587399.767792
param_1,29,0.203,0.21,0.20650000000000002,-3549328951.421504
param_1,30,0.21,0.217,0.2135,-3635362126.182281
param_1,31,0.217,0.224,0.2205,-3453390116.67616
param_1,32,0.224,0.231,0.2275,-3261925942.193063
param_1,33,0.231,0.238,0.2345,-3884127942.858482
param_1,34,0.238,0.245,0.2415,-3432084420.156506
param_1,35,0.245,0.252,0.2485,-3223484329.459334
param_1,36,0.252,0.259,0.2555,-3343430564.717086
param_1,37,0.259,0.266,0.2625,-2808374450.269191
param_1,38,0.266,0.273,0.2695,-3306632955.14004
param_1,39,0.273,0.28,0.2765,-2911483105.688501
param_1,40,0.28,0.287,0.2835,-2990938550.308184
param_1,41,0.287,0.294,0.2905,-2632307893.420629
param_1,42,0.294,0.301,0.2975,-3074450112.679999
param_1,43,0.301,0.308,0.3045,-3093364084.673158
param_1,44,0.308,0.3149999999999999,0.31149999999999994,-3298784922.693234
param_1,45,0.3149999999999999,0.322,0.31849999999999995,-2652622786.915236
param_1,46,0.322,0.329,0.3255,-2788534623.953456
param_1,47,0.329,0.336,0.3325,-2970312185.892641
param_1,48,0.336,0.343,0.3395,-3269206180.726519
param_1,49,0.343,0.35,0.34650000000000003,-2597769017.928371
param_1,50,0.35,0.357,0.3535,-3103521333.339704
param_1,51,0.357,0.364,0.3605,-3125625573.046548
param_1,52,0.364,0.3709999999999999,0.36749999999999994,-2959709774.324669
param_1,53,0.3709999999999999,0.3779999999999999,0.3744999999999999,-3066597206.898324
param_1,54,0.3779999999999999,0.385,0.38149999999999995,-2805300859.811119
param_1,55,0.385,0.392,0.3885,-2936759305.835623
param_1,56,0.392,0.399,0.3955,-3408935696.689286
param_1,57,0.399,0.4059999999999999,0.40249999999999997,-3574728451.814854
param_1,58,0.4059999999999999,0.413,0.4095,-3124393169.53857
param_1,59,0.413,0.42,0.4165,-2677338604.621595
param_1,60,0.42,0.4269999999999999,0.42349999999999993,-2945308126.499317
param_1,61,0.4269999999999999,0.434,0.43049999999999994,-2573572303.225646
param_1,62,0.434,0.4409999999999999,0.43749999999999994,-2777819268.942356
param_1,63,0.4409999999999999,0.448,0.44449999999999995,-2143558564.843883
param_1,64,0.448,0.455,0.4515,-2085699294.323761
param_1,65,0.455,0.462,0.4585,-1912139255.561174
param_1,66,0.462,0.469,0.4655,-2230165890.978493
param_1,67,0.469,0.4759999999999999,0.4724999999999999,-2230715361.524132
param_1,68,0.4759999999999999,0.483,0.4794999999999999,-1991407597.96522
param_1,69,0.483,0.49,0.4865,-1673834212.683471
param_1,70,0.49,0.4969999999999999,0.49349999999999994,-1682288924.770805
param_1,71,0.4969999999999999,0.504,0.5005,-1565945968.471786
param_1,72,0.504,0.5109999999999999,0.5075,-1085595447.928908
param_1,73,0.5109999999999999,0.518,0.5145,-1468518263.286551
param_1,74,0.518,0.525,0.5215000000000001,-1471652169.800538
param_1,75,0.525,0.5319999999999999,0.5285,-646655004.1630658
param_1,76,0.5319999999999999,0.539,0.5355,-801806855.449724
param_1,77,0.539,0.5459999999999999,0.5425,-916760902.4399034
param_1,78,0.5459999999999999,0.5529999999999999,0.5494999999999999,-536514867.4360499
param_1,79,0.5529999999999999,0.56,0.5565,-528943831.41546
param_1,80,0.56,0.567,0.5635,-648280937.0394137
param_1,81,0.567,0.574,0.5705,-688715623.5089631
param_1,82,0.574,0.581,0.5774999999999999,-345890150.0615015
param_1,83,0.581,0.588,0.5845,-675037985.3997543
param_1,84,0.588,0.595,0.5914999999999999,-290265466.6436904
param_1,85,0.595,0.602,0.5985,-605938846.4227482
param_1,86,0.602,0.609,0.6054999999999999,-420827672.6688336
param_1,87,0.609,0.616,0.6125,-172606437.4798096
param_1,88,0.616,0.623,0.6194999999999999,-180687773.7190313
param_1,89,0.623,0.6299999999999999,0.6265,-63200364.09370119
param_1,90,0.6299999999999999,0.637,0.6335,-155234246.5587175
param_1,91,0.637,0.6439999999999999,0.6405,-159143191.5851765
param_1,92,0.6439999999999999,0.6509999999999999,0.6475,-19423764.39972588
param_1,93,0.6509999999999999,0.6579999999999999,0.6544999999999999,-10529790.45783752
param_1,94,0.6579999999999999,0.665,0.6615,-10107683.21826904
param_1,95,0.665,0.6719999999999999,0.6685,-27681959.44181516
param_1,96,0.6719999999999999,0.6789999999999999,0.6755,-355609.2858027876
param_1,97,0.6789999999999999,0.6859999999999999,0.6824999999999999,0.0
param_1,98,0.6859999999999999,0.693,0.6895,0.0
param_1,99,0.693,0.7,0.6964999999999999,0.0
param_2,0,0.0,0.006999999999999999,0.0034999999999999996,-245251505437.3103
param_2,1,0.006999999999999999,0.014,0.010499999999999999,-4010379986.544091
param_2,2,0.014,0.021,0.0175,-3893020613.833682
param_2,3,0.021,0.028,0.0245,-3349551604.23696
param_2,4,0.028,0.035,0.0315,-4268994296.714613
param_2,5,0.035,0.042,0.038500000000000006,-3637090511.246453
param_2,6,0.042,0.04899999999999999,0.0455,-3717575953.317074
param_2,7,0.04899999999999999,0.05599999999999999,0.05249999999999999,-3829209657.377347
param_2,8,0.05599999999999999,0.063,0.0595,-4109249436.515192
param_2,9,0.063,0.07,0.0665,-3428856996.988986
param_2,10,0.07,0.077,0.07350000000000001,-3634849831.759333
param_2,11,0.077,0.08399999999999999,0.08049999999999999,-3738620629.371935
param_2,12,0.08399999999999999,0.091,0.0875,-3593660573.728157
param_2,13,0.091,0.09799999999999999,0.0945,-3555897892.707717
param_2,14,0.09799999999999999,0.105,0.10149999999999999,-4067057345.412182
param_2,15,0.105,0.112,0.1085,-3995792472.458256
param_2,16,0.112,0.119,0.11549999999999999,-3471621937.889537
param_2,17,0.119,0.126,0.1225,-3829871061.656144
param_2,18,0.126,0.133,0.1295,-3860268724.071847
param_2,19,0.133,0.14,0.1365,-3244785803.923025
param_2,20,0.14,0.147,0.14350000000000002,-3698133978.067588
param_2,21,0.147,0.154,0.1505,-3753408036.741855
param_2,22,0.154,0.161,0.1575,-3607113839.531815
param_2,23,0.161,0.168,0.1645,-3793434924.565928
param_2,24,0.168,0.175,0.17149999999999999,-3267709179.24668
param_2,25,0.175,0.182,0.1785,-3076299113.297876
param_2,26,0.182,0.189,0.1855,-3542527103.252589
param_2,27,0.189,0.196,0.1925,-3281220036.476685
param_2,28,0.196,0.203,0.1995,-3787115975.270597
param_2,29,0.203,0.21,0.20650000000000002,-3555274082.539166
param_2,30,0.21,0.217,0.2135,-3625157837.136309
param_2,31,0.217,0.224,0.2205,-3463289814.303357
param_2,32,0.224,0.231,0.2275,-3250353542.023158
param_2,33,0.231,0.238,0.2345,-3856207784.698986
param_2,34,0.238,0.245,0.2415,-3434598181.782201
param_2,35,0.245,0.252,0.2485,-3167541545.247241
param_2,36,0.252,0.259,0.2555,-3327085168.565918
param_2,37,0.259,0.266,0.2625,-2839821342.558844
param_2,38,0.266,0.273,0.2695,-3306328237.718001
param_2,39,0.273,0.28,0.2765,-2929800179.161648
param_2,40,0.28,0.287,0.2835,-2982329438.615139
param_2,41,0.287,0.294,0.2905,-2627184440.113322
param_2,42,0.294,0.301,0.2975,-3046115650.258754
param_2,43,0.301,0.308,0.3045,-3114091944.366528
param_2,44,0.308,0.3149999999999999,0.31149999999999994,-3294463194.572208
param_2,45,0.3149999999999999,0.322,0.31849999999999995,-2657498687.877035
param_2,46,0.322,0.329,0.3255,-2785644536.761105
param_2,47,0.329,0.336,0.3325,-2963026708.710093
param_2,48,0.336,0.343,0.3395,-3285006737.858693
param_2,49,0.343,0.35,0.34650000000000003,-2609332617.764586
param_2,50,0.35,0.357,0.3535,-3078618572.490673
param_2,51,0.357,0.364,0.3605,-3129863673.626917
param_2,52,0.364,0.3709999999999999,0.36749999999999994,-2947988319.534327
param_2,53,0.3709999999999999,0.3779999999999999,0.3744999999999999,-3065789744.613379
param_2,54,0.3779999999999999,0.385,0.38149999999999995,-2806182894.52732
param_2,55,0.385,0.392,0.3885,-2906610220.495556
param_2,56,0.392,0.399,0.3955,-3363395374.143277
param_2,57,0.399,0.4059999999999999,0.40249999999999997,-3605185558.14306
param_2,58,0.4059999999999999,0.413,0.4095,-3133889711.54248
param_2,59,0.413,0.42,0.4165,-2641990398.236469
param_2,60,0.42,0.4269999999999999,0.42349999999999993,-2938773090.875486
param_2,61,0.4269999999999999,0.434,0.43049999999999994,-2597205863.188232
param_2,62,0.434,0.4409999999999999,0.43749999999999994,-2796099505.765862
param_2,63,0.4409999999999999,0.448,0.44449999999999995,-2138084974.11536
param_2,64,0.448,0.455,0.4515,-2065653303.230672
param_2,65,0.455,0.462,0.4585,-1922289908.195628
param_2,66,0.462,0.469,0.4655,-2194839611.918313
param_2,67,0.469,0.4759999999999999,0.4724999999999999,-2227629065.330839
param_2,68,0.4759999999999999,0.483,0.4794999999999999,-2014185603.549469
param_2,69,0.483,0.49,0.4865,-1667024117.60758
param_2,70,0.49,0.4969999999999999,0.49349999999999994,-1690613739.72335
param_2,71,0.4969999999999999,0.504,0.5005,-1580490874.289485
param_2,72,0.504,0.5109999999999999,0.5075,-1099010014.851762
param_2,73,0.5109999999999999,0.518,0.5145,-1499582474.992203
param_2,74,0.518,0.525,0.5215000000000001,-1483626401.759684
param_2,75,0.525,0.5319999999999999,0.5285,-645231286.6357517
param_2,76,0.5319999999999999,0.539,0.5355,-814726327.1585877
param_2,77,0.539,0.5459999999999999,0.5425,-903656323.8017228
param_2,78,0.5459999999999999,0.5529999999999999,0.5494999999999999,-528950569.249861
param_2,79,0.5529999999999999,0.56,0.5565,-542717213.0725522
param_2,80,0.56,0.567,0.5635,-656791503.2255325
param_2,81,0.567,0.574,0.5705,-666828867.9547006
param_2,82,0.574,0.581,0.5774999999999999,-348819720.4590653
param_2,83,0.581,0.588,0.5845,-667572371.2700033
param_2,84,0.588,0.595,0.5914999999999999,-308638029.6819782
param_2,85,0.595,0.602,0.5985,-587584257.3178475
param_2,86,0.602,0.609,0.6054999999999999,-394800335.6886449
param_2,87,0.609,0.616,0.6125,-177783909.0495414
param_2,88,0.616,0.623,0.6194999999999999,-183585104.3919301
param_2,89,0.623,0.6299999999999999,0.6265,-64024326.49495155
param_2,90,0.6299999999999999,0.637,0.6335,-158309960.6043548
param_2,91,0.637,0.6439999999999999,0.6405,-160842285.1040761
param_2,92,0.6439999999999999,0.6509999999999999,0.6475,-18629218.66097971
param_2,93,0.6509999999999999,0.6579999999999999,0.6544999999999999,-9961036.878003543
param_2,94,0.6579999999999999,0.665,0.6615,-9606963.04669339
param_2,95,0.665,0.6719999999999999,0.6685,-26431754.71891728
param_2,96,0.6719999999999999,0.6789999999999999,0.6755,-253663.5536273966
param_2,97,0.6789999999999999,0.6859999999999999,0.6824999999999999,0.0
param_2,98,0.6859999999999999,0.693,0.6895,0.0
param_2,99,0.693,0.7,0.6964999999999999,0.0
param_3,0,0.0,0.006999999999999999,0.0034999999999999996,-300749129818.6026
param_3,1,0.006999999999999999,0.014,0.010499999999999999,-1030417733.90276
param_3,2,0.014,0.021,0.0175,-818745555.424525
param_3,3,0.021,0.028,0.0245,-5410154833.893701
param_3,4,0.028,0.035,0.0315,-5321563119.587683
param_3,5,0.035,0.042,0.038500000000000006,-2795614370.992577
param_3,6,0.042,0.04899999999999999,0.0455,-2656085644.461155
param_3,7,0.04899999999999999,0.05599999999999999,0.05249999999999999,-3193095646.461786
param_3,8,0.05599999999999999,0.063,0.0595,-8427787274.261489
param_3,9,0.063,0.07,0.0665,-6675700288.765293
param_3,10,0.07,0.077,0.07350000000000001,-4084810716.405661
param_3,11,0.077,0.08399999999999999,0.08049999999999999,-1983021845.350713
param_3,12,0.08399999999999999,0.091,0.0875,-3114367236.727882
param_3,13,0.091,0.09799999999999999,0.0945,-3691131975.472817
param_3,14,0.09799999999999999,0.105,0.10149999999999999,-4392347097.683443
param_3,15,0.105,0.112,0.1085,-2589067722.075687
param_3,16,0.112,0.119,0.11549999999999999,-2104258842.446363
param_3,17,0.119,0.126,0.1225,-4275620560.06698
param_3,18,0.126,0.133,0.1295,-2936649348.880831
param_3,19,0.133,0.14,0.1365,-7097611355.463435
param_3,20,0.14,0.147,0.14350000000000002,-5633242111.639058
param_3,21,0.147,0.154,0.1505,-7827418749.229698
param_3,22,0.154,0.161,0.1575,-2988481422.826028
param_3,23,0.161,0.168,0.1645,-2203947540.642371
param_3,24,0.168,0.175,0.17149999999999999,-2896334522.348031
param_3,25,0.175,0.182,0.1785,-2354831436.853411
param_3,26,0.182,0.189,0.1855,-2252208880.331825
param_3,27,0.189,0.196,0.1925,-1226286009.691128
param_3,28,0.196,0.203,0.1995,-571961259.49645
param_3,29,0.203,0.21,0.20650000000000002,-1946586176.513647
param_3,30,0.21,0.217,0.2135,-1620853502.733681
param_3,31,0.217,0.224,0.2205,-2974658862.246425
param_3,32,0.224,0.231,0.2275,-2942574647.04467
param_3,33,0.231,0.238,0.2345,-2663848921.265762
param_3,34,0.238,0.245,0.2415,-2456762472.907492
param_3,35,0.245,0.252,0.2485,-2348781601.181072
param_3,36,0.252,0.259,0.2555,-2861224232.926586
param_3,37,0.259,0.266,0.2625,-2506376527.771336
param_3,38,0.266,0.273,0.2695,-1709903353.580384
param_3,39,0.273,0.28,0.2765,-2626090321.013762
param_3,40,0.28,0.287,0.2835,-1671975946.328817
param_3,41,0.287,0.294,0.2905,-2061621783.656963
param_3,42,0.294,0.301,0.2975,-3586237620.543314
param_3,43,0.301,0.308,0.3045,-4901642087.233624
param_3,44,0.308,0.3149999999999999,0.31149999999999994,-2634044782.817138
param_3,45,0.3149999999999999,0.322,0.31849999999999995,-1653969236.315657
param_3,46,0.322,0.329,0.3255,-2793352933.613165
param_3,47,0.329,0.336,0.3325,-797092909.5703279
param_3,48,0.336,0.343,0.3395,-1152818085.159419
param_3,49,0.343,0.35,0.34650000000000003,-1654520812.166347
param_3,50,0.35,0.357,0.3535,-756358080.0014396
param_3,51,0.357,0.364,0.3605,-1136722003.68929
param_3,52,0.364,0.3709999999999999,0.36749999999999994,-1101602229.100888
param_3,53,0.3709999999999999,0.3779999999999999,0.3744999999999999,-467893529.6575253
param_3,54,0.3779999999999999,0.385,0.38149999999999995,-1420861813.118456
param_3,55,0.385,0.392,0.3885,-947855625.601559
param_3,56,0.392,0.399,0.3955,-1177702066.868191
param_3,57,0.399,0.4059999999999999,0.40249999999999997,-4819344719.105521
param_3,58,0.4059999999999999,0.413,0.4095,-1699889346.126601
param_3,59,0.413,0.42,0.4165,-2128821942.223646
param_3,60,0.42,0.4269999999999999,0.42349999999999993,-368298000.1727291
param_3,61,0.4269999999999999,0.434,0.43049999999999994,-1796597082.033454
param_3,62,0.434,0.4409999999999999,0.43749999999999994,-2436882846.735738
param_3,63,0.4409999999999999,0.448,0.44449999999999995,-3543438690.254674
param_3,64,0.448,0.455,0.4515,-771327819.3941531
param_3,65,0.455,0.462,0.4585,-2117485165.556484
param_3,66,0.462,0.469,0.4655,-1581398710.261118
param_3,67,0.469,0.4759999999999999,0.4724999999999999,-2434962392.339285
param_3,68,0.4759999999999999,0.483,0.4794999999999999,-307694300.0968199
param_3,69,0.483,0.49,0.4865,-878583156.9815713
param_3,70,0.49,0.4969999999999999,0.49349999999999994,-124793415.0192051
param_3,71,0.4969999999999999,0.504,0.5005,0.0
param_3,72,0.504,0.5109999999999999,0.5075,0.0
param_3,73,0.5109999999999999,0.518,0.5145,0.0
param_3,74,0.518,0.525,0.5215000000000001,0.0
param_3,75,0.525,0.5319999999999999,0.5285,0.0
param_3,76,0.5319999999999999,0.539,0.5355,0.0
param_3,77,0.539,0.5459999999999999,0.5425,0.0
param_3,78,0.5459999999999999,0.5529999999999999,0.5494999999999999,0.0
param_3,79,0.5529999999999999,0.56,0.5565,0.0
param_3,80,0.56,0.567,0.5635,0.0
param_3,81,0.567,0.574,0.5705,0.0
param_3,82,0.574,0.581,0.5774999999999999,0.0
param_3,83,0.581,0.588,0.5845,0.0
param_3,84,0.588,0.595,0.5914999999999999,0.0
param_3,85,0.595,0.602,0.5985,0.0
param_3,86,0.602,0.609,0.6054999999999999,0.0
param_3,87,0.609,0.616,0.6125,0.0
param_3,88,0.616,0.623,0.6194999999999999,0.0
param_3,89,0.623,0.6299999999999999,0.6265,0.0
param_3,90,0.6299999999999999,0.637,0.6335,0.0
param_3,91,0.637,0.6439999999999999,0.6405,0.0
param_3,92,0.6439999999999999,0.6509999999999999,0.6475,0.0
param_3,93,0.6509999999999999,0.6579999999999999,0.6544999999999999,0.0
param_3,94,0.6579999999999999,0.665,0.6615,0.0
param_3,95,0.665,0.6719999999999999,0.6685,0.0
param_3,96,0.6719999999999999,0.6789999999999999,0.6755,0.0
param_3,97,0.6789999999999999,0.6859999999999999,0.6824999999999999,0.0
param_3,98,0.6859999999999999,0.693,0.6895,0.0
param_3,99,0.693,0.7,0.6964999999999999,0.0
param_4,0,0.0,0.03141592653589793,0.015707963267948963,-4353789658.092907
param_4,1,0.03141592653589793,0.06283185307179587,0.047123889803846894,-1344026168.697566
param_4,2,0.06283185307179587,0.09424777960769379,0.07853981633974483,-4475617269.078419
param_4,3,0.09424777960769379,0.1256637061435917,0.10995574287564275,-5139967574.060305
param_4,4,0.1256637061435917,0.1570796326794897,0.14137166941154072,-4826435363.878432
param_4,5,0.1570796326794897,0.1884955592153876,0.17278759594743864,-5814317151.573497
param_4,6,0.1884955592153876,0.2199114857512855,0.20420352248333656,-1692036707.670714
param_4,7,0.2199114857512855,0.2513274122871835,0.2356194490192345,-5957513763.829788
param_4,8,0.2513274122871835,0.2827433388230814,0.26703537555513246,-1361746850.732862
param_4,9,0.2827433388230814,0.3141592653589793,0.2984513020910303,-5142637364.329712
param_4,10,0.3141592653589793,0.3455751918948772,0.32986722862692824,-7475178842.145164
param_4,11,0.3455751918948772,0.3769911184307752,0.36128315516282616,-4118127603.310517
param_4,12,0.3769911184307752,0.4084070449666731,0.39269908169872414,-5856767525.089367
param_4,13,0.4084070449666731,0.439822971502571,0.42411500823462206,-2635919405.681582
param_4,14,0.439822971502571,0.4712388980384689,0.45553093477052,-4250160236.268944
param_4,15,0.4712388980384689,0.5026548245743669,0.48694686130641796,-3911060543.92681
param_4,16,0.5026548245743669,0.5340707511102649,0.5183627878423159,-1994116305.247749
param_4,17,0.5340707511102649,0.5654866776461628,0.5497787143782138,-4133947168.378057
param_4,18,0.5654866776461628,0.5969026041820606,0.5811946409141118,-11923062100.85094
param_4,19,0.5969026041820606,0.6283185307179586,0.6126105674500096,-3275235823.917694
param_4,20,0.6283185307179586,0.6597344572538566,0.6440264939859076,-4584159643.618546
param_4,21,0.6597344572538566,0.6911503837897545,0.6754424205218055,-5352262542.450627
param_4,22,0.6911503837897545,0.7225663103256523,0.7068583470577035,-1466040964.062688
param_4,23,0.7225663103256523,0.7539822368615503,0.7382742735936013,-3520252613.932817
param_4,24,0.7539822368615503,0.7853981633974483,0.7696902001294993,-3211660295.286832
param_4,25,0.7853981633974483,0.8168140899333463,0.8011061266653973,-7624374059.082629
param_4,26,0.8168140899333463,0.8482300164692441,0.8325220532012951,-2175501198.045274
param_4,27,0.8482300164692441,0.8796459430051421,0.8639379797371931,-3185512780.047873
param_4,28,0.8796459430051421,0.9110618695410401,0.8953539062730911,-532384463.5615598
param_4,29,0.9110618695410401,0.9424777960769378,0.926769832808989,-4233715011.979292
param_4,30,0.9424777960769378,0.9738937226128358,0.9581857593448868,-2791079812.278253
param_4,31,0.9738937226128358,1.005309649148734,0.989601685880785,-2043492616.061112
param_4,32,1.005309649148734,1.036725575684632,1.0210176124166832,-3058147946.745673
param_4,33,1.036725575684632,1.06814150222053,1.052433538952581,-5988323151.725451
param_4,34,1.06814150222053,1.099557428756428,1.0838494654884792,-4087246219.549631
param_4,35,1.099557428756428,1.130973355292326,1.115265392024377,-3661755096.168066
param_4,36,1.130973355292326,1.162389281828224,1.146681318560275,-13282432346.8833
param_4,37,1.162389281828224,1.193805208364121,1.1780972450961724,-1764760076.642377
param_4,38,1.193805208364121,1.225221134900019,1.2095131716320702,-4384371842.758158
param_4,39,1.225221134900019,1.256637061435917,1.240929098167968,-14999696435.27702
param_4,40,1.256637061435917,1.288052987971815,1.2723450247038661,-3619484323.455148
param_4,41,1.288052987971815,1.319468914507713,1.3037609512397639,-5598646045.85516
param_4,42,1.319468914507713,1.350884841043611,1.335176877775662,-4367521812.158801
param_4,43,1.350884841043611,1.382300767579509,1.3665928043115598,-1617058816.663973
param_4,44,1.382300767579509,1.413716694115407,1.398008730847458,-2426227354.659448
param_4,45,1.413716694115407,1.445132620651305,1.429424657383356,-3071598895.949283
param_4,46,1.445132620651305,1.476548547187203,1.460840583919254,-6048556769.412031
param_4,47,1.476548547187203,1.507964473723101,1.4922565104551522,-2336846098.046057
param_4,48,1.507964473723101,1.539380400258999,1.52367243699105,-1497603762.410856
param_4,49,1.539380400258999,1.570796326794897,1.5550883635269481,-1979053949.812308
param_4,50,1.570796326794897,1.602212253330795,1.5865042900628459,-4309628186.520347
param_4,51,1.602212253330795,1.633628179866693,1.617920216598744,-4491167938.677573
param_4,52,1.633628179866693,1.66504410640259,1.6493361431346414,-2343395253.026764
param_4,53,1.66504410640259,1.696460032938488,1.6807520696705391,-1915580311.128169
param_4,54,1.696460032938488,1.727875959474386,1.712167996206437,-3673200453.150662
param_4,55,1.727875959474386,1.759291886010284,1.743583922742335,-3843394581.657552
param_4,56,1.759291886010284,1.790707812546182,1.7749998492782328,-2315754083.481269
param_4,57,1.790707812546182,1.82212373908208,1.806415775814131,-5153701710.632631
param_4,58,1.82212373908208,1.853539665617978,1.8378317023500288,-2516467132.338801
param_4,59,1.853539665617978,1.884955592153876,1.869247628885927,-5153585361.877245
param_4,60,1.884955592153876,1.916371518689774,1.9006635554218252,-3236834385.440042
param_4,61,1.916371518689774,1.947787445225672,1.932079481957723,-1979381053.968693
param_4,62,1.947787445225672,1.97920337176157,1.9634954084936211,-3957496327.807211
param_4,63,1.97920337176157,2.010619298297468,1.9949113350295191,-2602045607.716599
param_4,64,2.010619298297468,2.042035224833366,2.026327261565417,-4174110839.540141
param_4,65,2.042035224833366,2.073451151369264,2.0577431881013153,-2162678188.444956
param_4,66,2.073451151369264,2.104867077905161,2.0891591146372126,-3834748234.078425
param_4,67,2.104867077905161,2.13628300444106,2.120575041173111,-4288427767.542762
param_4,68,2.13628300444106,2.167698930976957,2.1519909677090086,-5373474898.693219
param_4,69,2.167698930976957,2.199114857512855,2.1834068942449063,-5218350410.64229
param_4,70,2.199114857512855,2.230530784048753,2.214822820780804,-2606812889.331315
param_4,71,2.230530784048753,2.261946710584651,2.246238747316702,-3096822331.144108
param_4,72,2.261946710584651,2.293362637120549,2.2776546738526,-6805698845.694934
param_4,73,2.293362637120549,2.324778563656447,2.309070600388498,-11541754014.74798
param_4,74,2.324778563656447,2.356194490192345,2.340486526924396,-4517225858.647001
param_4,75,2.356194490192345,2.387610416728243,2.3719024534602937,-4465500961.060944
param_4,76,2.387610416728243,2.419026343264141,2.403318379996192,-7678713364.85319
param_4,77,2.419026343264141,2.450442269800039,2.43473430653209,-3621226323.294211
param_4,78,2.450442269800039,2.481858196335937,2.466150233067988,-5536122182.667029
param_4,79,2.481858196335937,2.513274122871834,2.4975661596038856,-6316205048.212247
param_4,80,2.513274122871834,2.544690049407732,2.528982086139783,-15512547583.84485
param_4,81,2.544690049407732,2.57610597594363,2.560398012675681,-6595769946.269348
param_4,82,2.57610597594363,2.607521902479529,2.5918139392115798,-4403085518.367071
param_4,83,2.607521902479529,2.638937829015426,2.6232298657474775,-7317826394.777563
param_4,84,2.638937829015426,2.670353755551324,2.6546457922833753,-2637319738.618893
param_4,85,2.670353755551324,2.701769682087222,2.686061718819273,-4393330575.457421
param_4,86,2.701769682087222,2.73318560862312,2.717477645355171,-4175471200.944674
param_4,87,2.73318560862312,2.764601535159018,2.748893571891069,-10057749055.71474
param_4,88,2.764601535159018,2.796017461694916,2.780309498426967,-6357124204.585208
param_4,89,2.796017461694916,2.827433388230814,2.811725424962865,-4221854998.902205
param_4,90,2.827433388230814,2.858849314766712,2.8431413514987627,-5252004266.960361
param_4,91,2.858849314766712,2.890265241302609,2.8745572780346604,-8253641056.120888
param_4,92,2.890265241302609,2.921681167838508,2.905973204570558,-6055583444.844778
param_4,93,2.921681167838508,2.953097094374406,2.937389131106457,-10738699897.15945
param_4,94,2.953097094374406,2.984513020910303,2.9688050576423546,-3577426538.819839
param_4,95,2.984513020910303,3.015928947446201,3.0002209841782523,-4007567351.728774
param_4,96,3.015928947446201,3.047344873982099,3.03163691071415,-16028766315.93733
param_4,97,3.047344873982099,3.078760800517997,3.063052837250048,-14403354757.57871
param_4,98,3.078760800517997,3.110176727053895,3.094468763785946,-5975284906.920151
param_4,99,3.110176727053895,3.141592653589793,3.1258846903218442,0.0
param_5,0,0.0,0.06283185307179587,0.031415926535897934,-5359793819.814288
param_5,1,0.06283185307179587,0.1256637061435917,0.09424777960769379,-4964377250.429081
param_5,2,0.1256637061435917,0.1884955592153876,0.15707963267948966,-4827003693.765044
param_5,3,0.1884955592153876,0.2513274122871835,0.21991148575128555,-5257652717.35427
param_5,4,0.2513274122871835,0.3141592653589793,0.28274333882308145,-4946527316.44282
param_5,5,0.3141592653589793,0.3769911184307752,0.3455751918948773,-4886027269.328695
param_5,6,0.3769911184307752,0.439822971502571,0.4084070449666731,-5248631707.931927
param_5,7,0.439822971502571,0.5026548245743669,0.47123889803846897,-4912945996.005377
param_5,8,0.5026548245743669,0.5654866776461628,0.5340707511102649,-4811394656.091129
param_5,9,0.5654866776461628,0.6283185307179586,0.5969026041820606,-5284286860.875498
param_5,10,0.6283185307179586,0.6911503837897545,0.6597344572538566,-4625419219.883446
param_5,11,0.6911503837897545,0.7539822368615503,0.7225663103256523,-5011702109.10043
param_5,12,0.7539822368615503,0.8168140899333463,0.7853981633974483,-5133363982.169412
param_5,13,0.8168140899333463,0.8796459430051421,0.8482300164692442,-4517442124.093344
param_5,14,0.8796459430051421,0.9424777960769378,0.91106186954104,-5203438788.896775
param_5,15,0.9424777960769378,1.005309649148734,0.9738937226128359,-4831482601.910627
param_5,16,1.005309649148734,1.06814150222053,1.036725575684632,-4679219098.148322
param_5,17,1.06814150222053,1.130973355292326,1.099557428756428,-5095476732.84729
param_5,18,1.130973355292326,1.193805208364121,1.1623892818282235,-4789779543.686984
param_5,19,1.193805208364121,1.256637061435917,1.225221134900019,-4688481633.745094
param_5,20,1.256637061435917,1.319468914507713,1.288052987971815,-4989115672.436566
param_5,21,1.319468914507713,1.382300767579509,1.350884841043611,-4731493889.297885
param_5,22,1.382300767579509,1.445132620651305,1.413716694115407,-4688106857.169314
param_5,23,1.445132620651305,1.507964473723101,1.476548547187203,-4973606630.908491
param_5,24,1.507964473723101,1.570796326794897,1.539380400258999,-4640529300.967518
param_5,25,1.570796326794897,1.633628179866693,1.602212253330795,-4579305120.626966
param_5,26,1.633628179866693,1.696460032938488,1.6650441064025905,-5067574032.989031
param_5,27,1.696460032938488,1.759291886010284,1.727875959474386,-4146943389.741131
param_5,28,1.759291886010284,1.82212373908208,1.790707812546182,-4994424484.714633
param_5,29,1.82212373908208,1.884955592153876,1.8535396656179781,-4862068843.443649
param_5,30,1.884955592153876,1.947787445225672,1.916371518689774,-4421632770.642992
param_5,31,1.947787445225672,2.010619298297468,1.97920337176157,-5033394804.379607
param_5,32,2.010619298297468,2.073451151369264,2.0420352248333664,-4696484438.686353
param_5,33,2.073451151369264,2.13628300444106,2.104867077905162,-4518923142.39173
param_5,34,2.13628300444106,2.199114857512855,2.1676989309769574,-5033700777.797566
param_5,35,2.199114857512855,2.261946710584651,2.230530784048753,-4712069097.16512
param_5,36,2.261946710584651,2.324778563656447,2.2933626371205493,-4634703355.802136
param_5,37,2.324778563656447,2.387610416728243,2.356194490192345,-5079439466.607099
param_5,38,2.387610416728243,2.450442269800039,2.4190263432641412,-4700338950.445577
param_5,39,2.450442269800039,2.513274122871834,2.4818581963359367,-4722643292.181973
param_5,40,2.513274122871834,2.57610597594363,2.5446900494077322,-5120693816.655486
param_5,41,2.57610597594363,2.638937829015426,2.6075219024795278,-4715981951.024557
param_5,42,2.638937829015426,2.701769682087222,2.670353755551324,-4669060499.126146
param_5,43,2.701769682087222,2.764601535159018,2.7331856086231197,-5320655892.623265
param_5,44,2.764601535159018,2.827433388230814,2.796017461694916,-4303294305.85311
param_5,45,2.827433388230814,2.890265241302609,2.8588493147667116,-5217697081.470487
param_5,46,2.890265241302609,2.953097094374406,2.9216811678385075,-5047512346.675135
param_5,47,2.953097094374406,3.015928947446201,2.9845130209103035,-4633240563.171702
param_5,48,3.015928947446201,3.078760800517997,3.047344873982099,-5273868257.131907
param_5,49,3.078760800517997,3.141592653589793,3.1101767270538954,-4911425561.11427
param_5,50,3.141592653589793,3.204424506661589,3.173008580125691,-4775320616.964859
param_5,51,3.204424506661589,3.267256359733385,3.2358404331974873,-5274701135.583873
param_5,52,3.267256359733385,3.330088212805181,3.2986722862692828,-4896342428.617999
param_5,53,3.330088212805181,3.392920065876976,3.3615041393410783,-4883226868.153531
param_5,54,3.392920065876976,3.455751918948772,3.424335992412874,-5245607209.446804
param_5,55,3.455751918948772,3.518583772020568,3.48716784548467,-4866312615.071764
param_5,56,3.518583772020568,3.581415625092364,3.5499996985564657,-4850153241.692818
param_5,57,3.581415625092364,3.64424747816416,3.612831551628262,-5304177383.346189
param_5,58,3.64424747816416,3.707079331235956,3.6756634047000576,-4796458039.094866
param_5,59,3.707079331235956,3.769911184307751,3.738495257771853,-4765831487.551697
param_5,60,3.769911184307751,3.832743037379548,3.8013271108436495,-5337304489.044029
param_5,61,3.832743037379548,3.895574890451343,3.864158963915446,-4422191620.989264
param_5,62,3.895574890451343,3.95840674352314,3.9269908169872414,-5233427692.063575
param_5,63,3.95840674352314,4.021238596594936,3.9898226700590382,-4903673602.531055
param_5,64,4.021238596594936,4.084070449666731,4.052654523130833,-4684643704.431545
param_5,65,4.084070449666731,4.146902302738527,4.115486376202629,-5172523178.858045
param_5,66,4.146902302738527,4.209734155810323,4.178318229274424,-4845837125.133737
param_5,67,4.209734155810323,4.272566008882119,4.241150082346222,-4635777250.291441
param_5,68,4.272566008882119,4.335397861953915,4.303981935418017,-5152363318.218305
param_5,69,4.335397861953915,4.39822971502571,4.366813788489813,-4793315443.17518
param_5,70,4.39822971502571,4.461061568097507,4.429645641561608,-4696604562.885723
param_5,71,4.461061568097507,4.523893421169302,4.4924774946334045,-5028947507.494976
param_5,72,4.523893421169302,4.586725274241098,4.5553093477052,-4619493820.641335
param_5,73,4.586725274241098,4.649557127312894,4.618141200776996,-4762239654.752894
param_5,74,4.649557127312894,4.71238898038469,4.680973053848792,-5040785206.794993
param_5,75,4.71238898038469,4.775220833456485,4.743804906920587,-4509572799.80668
param_5,76,4.775220833456485,4.838052686528282,4.806636759992383,-4729429760.438329
param_5,77,4.838052686528282,4.900884539600077,4.869468613064179,-5062745799.989467
param_5,78,4.900884539600077,4.963716392671873,4.932300466135975,-4326308120.147501
param_5,79,4.963716392671873,5.026548245743669,4.995132319207771,-5096430823.16513
param_5,80,5.026548245743669,5.089380098815464,5.057964172279567,-4778206673.223637
param_5,81,5.089380098815464,5.15221195188726,5.120796025351362,-4560256274.155796
param_5,82,5.15221195188726,5.215043804959057,5.183627878423159,-5067183232.492002
param_5,83,5.215043804959057,5.277875658030853,5.246459731494955,-4774118041.940286
param_5,84,5.277875658030853,5.340707511102648,5.3092915845667505,-4591644105.23672
param_5,85,5.340707511102648,5.403539364174444,5.372123437638546,-5161445717.58745
param_5,86,5.403539364174444,5.466371217246239,5.434955290710342,-4736213735.409016
param_5,87,5.466371217246239,5.529203070318036,5.497787143782137,-4825372402.383128
param_5,88,5.529203070318036,5.592034923389832,5.560618996853934,-5102236991.669154
param_5,89,5.592034923389832,5.654866776461628,5.62345084992573,-4699305038.851968
param_5,90,5.654866776461628,5.717698629533423,5.686282702997525,-4730136277.871463
param_5,91,5.717698629533423,5.780530482605219,5.749114556069321,-5269416149.40854
param_5,92,5.780530482605219,5.843362335677015,5.811946409141116,-4579413310.953685
param_5,93,5.843362335677015,5.906194188748811,5.874778262212914,-5033774828.84244
param_5,94,5.906194188748811,5.969026041820607,5.937610115284709,-5138352652.176621
param_5,95,5.969026041820607,6.031857894892402,6.000441968356505,-4618012536.939649
param_5,96,6.031857894892402,6.094689747964199,6.0632738214283,-5279693518.044362
param_5,97,6.094689747964199,6.157521601035994,6.126105674500097,-4933219061.293051
param_5,98,6.157521601035994,6.220353454107791,6.188937527571893,-4781219900.294039
param_5,99,6.220353454107791,6.283185307179586,6.2517693806436885,0.0
param_6,0,0.0,0.006999999999999999,0.0034999999999999996,-242943643320.7569
param_6,1,0.006999999999999999,0.014,0.010499999999999999,-4282718230.611884
param_6,2,0.014,0.021,0.0175,-2718362769.240885
param_6,3,0.021,0.028,0.0245,-3302416143.494972
param_6,4,0.028,0.035,0.0315,-3416653556.660597
param_6,5,0.035,0.042,0.038500000000000006,-3846124334.15178
param_6,6,0.042,0.04899999999999999,0.0455,-3867018686.07133
param_6,7,0.04899999999999999,0.05599999999999999,0.05249999999999999,-3841844849.327688
param_6,8,0.05599999999999999,0.063,0.0595,-3407773062.62566
param_6,9,0.063,0.07,0.0665,-3202221299.970584
param_6,10,0.07,0.077,0.07350000000000001,-3817665472.299911
param_6,11,0.077,0.08399999999999999,0.08049999999999999,-3654548409.214174
param_6,12,0.08399999999999999,0.091,0.0875,-3963824108.542639
param_6,13,0.091,0.09799999999999999,0.0945,-3468305891.191595
param_6,14,0.09799999999999999,0.105,0.10149999999999999,-3534517043.101815
param_6,15,0.105,0.112,0.1085,-3345310719.630127
param_6,16,0.112,0.119,0.11549999999999999,-4096659257.024147
param_6,17,0.119,0.126,0.1225,-3521509630.497534
param_6,18,0.126,0.133,0.1295,-3439460791.261443
param_6,19,0.133,0.14,0.1365,-3609453347.896031
param_6,20,0.14,0.147,0.14350000000000002,-3131710427.3728
param_6,21,0.147,0.154,0.1505,-3931664052.287455
param_6,22,0.154,0.161,0.1575,-3849610337.154358
param_6,23,0.161,0.168,0.1645,-4035436109.458436
param_6,24,0.168,0.175,0.17149999999999999,-3747970319.246992
param_6,25,0.175,0.182,0.1785,-3080908613.631546
param_6,26,0.182,0.189,0.1855,-3529343891.760013
param_6,27,0.189,0.196,0.1925,-4106920587.040445
param_6,28,0.196,0.203,0.1995,-3729249832.266075
param_6,29,0.203,0.21,0.20650000000000002,-3368816176.626186
param_6,30,0.21,0.217,0.2135,-2988338364.631441
param_6,31,0.217,0.224,0.2205,-3919527290.189585
param_6,32,0.224,0.231,0.2275,-3972092919.233066
param_6,33,0.231,0.238,0.2345,-3739572327.006735
param_6,34,0.238,0.245,0.2415,-2922103128.231299
param_6,35,0.245,0.252,0.2485,-3387747738.480919
param_6,36,0.252,0.259,0.2555,-3566438742.676404
param_6,37,0.259,0.266,0.2625,-3565930926.132496
param_6,38,0.266,0.273,0.2695,-3728642357.529692
param_6,39,0.273,0.28,0.2765,-3722517777.26662
param_6,40,0.28,0.287,0.2835,-3431277363.940474
param_6,41,0.287,0.294,0.2905,-3533532421.321408
param_6,42,0.294,0.301,0.2975,-3563629367.558731
param_6,43,0.301,0.308,0.3045,-2857676565.572732
param_6,44,0.308,0.3149999999999999,0.31149999999999994,-3395400204.293522
param_6,45,0.3149999999999999,0.322,0.31849999999999995,-3878009659.608879
param_6,46,0.322,0.329,0.3255,-3454161733.163218
param_6,47,0.329,0.336,0.3325,-3078537527.834854
param_6,48,0.336,0.343,0.3395,-3054029020.742545
param_6,49,0.343,0.35,0.34650000000000003,-2952638913.227254
param_6,50,0.35,0.357,0.3535,-3499862292.44829
param_6,51,0.357,0.364,0.3605,-3160023873.346425
param_6,52,0.364,0.3709999999999999,0.36749999999999994,-3211194549.6247
param_6,53,0.3709999999999999,0.3779999999999999,0.3744999999999999,-3628482318.574264
param_6,54,0.3779999999999999,0.385,0.38149999999999995,-3722887766.744089
param_6,55,0.385,0.392,0.3885,-3234182428.220336
param_6,56,0.392,0.399,0.3955,-2640208427.585075
param_6,57,0.399,0.4059999999999999,0.40249999999999997,-3513083312.509763
param_6,58,0.4059999999999999,0.413,0.4095,-3510033368.483553
param_6,59,0.413,0.42,0.4165,-2746556932.263606
param_6,60,0.42,0.4269999999999999,0.42349999999999993,-2527490771.576607
param_6,61,0.4269999999999999,0.434,0.43049999999999994,-2242499645.212494
param_6,62,0.434,0.4409999999999999,0.43749999999999994,-2118743174.176185
param_6,63,0.4409999999999999,0.448,0.44449999999999995,-1887777140.329893
param_6,64,0.448,0.455,0.4515,-2179076860.459614
param_6,65,0.455,0.462,0.4585,-2259578264.075411
param_6,66,0.462,0.469,0.4655,-2110164274.315698
param_6,67,0.469,0.4759999999999999,0.4724999999999999,-2072313230.592116
param_6,68,0.4759999999999999,0.483,0.4794999999999999,-1974951288.675409
param_6,69,0.483,0.49,0.4865,-2126777657.878989
param_6,70,0.49,0.4969999999999999,0.49349999999999994,-1909646299.864235
param_6,71,0.4969999999999999,0.504,0.5005,-1334236593.119635
param_6,72,0.504,0.5109999999999999,0.5075,-1036604169.815375
param_6,73,0.5109999999999999,0.518,0.5145,-1067875052.736979
param_6,74,0.518,0.525,0.5215000000000001,-759614165.0900085
param_6,75,0.525,0.5319999999999999,0.5285,-705262188.9886062
param_6,76,0.5319999999999999,0.539,0.5355,-659578906.8244377
param_6,77,0.539,0.5459999999999999,0.5425,-752702774.8772752
param_6,78,0.5459999999999999,0.5529999999999999,0.5494999999999999,-419692056.0804275
param_6,79,0.5529999999999999,0.56,0.5565,-473710541.6846987
param_6,80,0.56,0.567,0.5635,-245106892.281245
param_6,81,0.567,0.574,0.5705,-434364120.9663578
param_6,82,0.574,0.581,0.5774999999999999,-426133150.9102142
param_6,83,0.581,0.588,0.5845,-243066006.5164352
param_6,84,0.588,0.595,0.5914999999999999,-273733773.3641545
param_6,85,0.595,0.602,0.5985,-208280491.2469673
param_6,86,0.602,0.609,0.6054999999999999,-344942224.8741901
param_6,87,0.609,0.616,0.6125,-231637588.8164737
param_6,88,0.616,0.623,0.6194999999999999,-136589287.0531597
param_6,89,0.623,0.6299999999999999,0.6265,-138254440.6094432
param_6,90,0.6299999999999999,0.637,0.6335,-85646159.76157473
param_6,91,0.637,0.6439999999999999,0.6405,-85406623.0503252
param_6,92,0.6439999999999999,0.6509999999999999,0.6475,-40676177.77547223
param_6,93,0.6509999999999999,0.6579999999999999,0.6544999999999999,-572212.181291204
param_6,94,0.6579999999999999,0.665,0.6615,-1363116.84592997
param_6,95,0.665,0.6719999999999999,0.6685,-324619.8097490782
param_6,96,0.6719999999999999,0.6789999999999999,0.6755,-646415.8625502595
param_6,97,0.6789999999999999,0.6859999999999999,0.6824999999999999,-323423.7530710032
param_6,98,0.6859999999999999,0.693,0.6895,0.0
param_6,99,0.693,0.7,0.6964999999999999,0.0
param_7,0,0.0,0.006999999999999999,0.0034999999999999996,-246321185773.2449
param_7,1,0.006999999999999999,0.014,0.010499999999999999,-4277134161.764493
param_7,2,0.014,0.021,0.0175,-2727299222.439001
param_7,3,0.021,0.028,0.0245,-3300073716.901825
param_7,4,0.028,0.035,0.0315,-3415141303.772614
param_7,5,0.035,0.042,0.038500000000000006,-3800723297.496353
param_7,6,0.042,0.04899999999999999,0.0455,-3854309792.684249
param_7,7,0.04899999999999999,0.05599999999999999,0.05249999999999999,-3826547476.577044
param_7,8,0.05599999999999999,0.063,0.0595,-3429378893.248389
param_7,9,0.063,0.07,0.0665,-3200925277.436444
param_7,10,0.07,0.077,0.07350000000000001,-3809090632.939168
param_7,11,0.077,0.08399999999999999,0.08049999999999999,-3632736509.43477
param_7,12,0.08399999999999999,0.091,0.0875,-3935007799.826805
param_7,13,0.091,0.09799999999999999,0.0945,-3460039623.859888
param_7,14,0.09799999999999999,0.105,0.10149999999999999,-3535163566.313111
param_7,15,0.105,0.112,0.1085,-3322295190.925609
param_7,16,0.112,0.119,0.11549999999999999,-4044563921.206769
param_7,17,0.119,0.126,0.1225,-3499460050.875938
param_7,18,0.126,0.133,0.1295,-3413302882.751977
param_7,19,0.133,0.14,0.1365,-3569985844.327846
param_7,20,0.14,0.147,0.14350000000000002,-3113394240.110993
param_7,21,0.147,0.154,0.1505,-3915933217.174405
param_7,22,0.154,0.161,0.1575,-3816819266.220998
param_7,23,0.161,0.168,0.1645,-4027203456.025287
param_7,24,0.168,0.175,0.17149999999999999,-3694832304.234592
param_7,25,0.175,0.182,0.1785,-3043312087.219783
param_7,26,0.182,0.189,0.1855,-3490402676.797915
param_7,27,0.189,0.196,0.1925,-4018618997.048001
param_7,28,0.196,0.203,0.1995,-3661785346.793633
param_7,29,0.203,0.21,0.20650000000000002,-3282172699.004906
param_7,30,0.21,0.217,0.2135,-2904449025.243917
param_7,31,0.217,0.224,0.2205,-3814965779.316021
param_7,32,0.224,0.231,0.2275,-3909994191.477906
param_7,33,0.231,0.238,0.2345,-3712932325.108331
param_7,34,0.238,0.245,0.2415,-2872156002.249147
param_7,35,0.245,0.252,0.2485,-3265498790.65812
param_7,36,0.252,0.259,0.2555,-3468196968.588667
param_7,37,0.259,0.266,0.2625,-3526403357.535217
param_7,38,0.266,0.273,0.2695,-3632942036.207791
param_7,39,0.273,0.28,0.2765,-3704233927.775826
param_7,40,0.28,0.287,0.2835,-3339555349.210046
param_7,41,0.287,0.294,0.2905,-3458782854.195767
param_7,42,0.294,0.301,0.2975,-3468041376.666992
param_7,43,0.301,0.308,0.3045,-2796052010.55868
param_7,44,0.308,0.3149999999999999,0.31149999999999994,-3353450757.605933
param_7,45,0.3149999999999999,0.322,0.31849999999999995,-3826670968.90995
param_7,46,0.322,0.329,0.3255,-3433894681.521867
param_7,47,0.329,0.336,0.3325,-3005212960.587424
param_7,48,0.336,0.343,0.3395,-2977995580.916309
param_7,49,0.343,0.35,0.34650000000000003,-2922362106.554975
param_7,50,0.35,0.357,0.3535,-3483433006.87738
param_7,51,0.357,0.364,0.3605,-3083036098.325173
param_7,52,0.364,0.3709999999999999,0.36749999999999994,-3169659097.525085
param_7,53,0.3709999999999999,0.3779999999999999,0.3744999999999999,-3534808855.39402
param_7,54,0.3779999999999999,0.385,0.38149999999999995,-3697675510.233171
param_7,55,0.385,0.392,0.3885,-3193854809.56602
param_7,56,0.392,0.399,0.3955,-2574581659.656817
param_7,57,0.399,0.4059999999999999,0.40249999999999997,-3444658892.637773
param_7,58,0.4059999999999999,0.413,0.4095,-3496724970.87315
param_7,59,0.413,0.42,0.4165,-2743645366.565746
param_7,60,0.42,0.4269999999999999,0.42349999999999993,-2449576077.593154
param_7,61,0.4269999999999999,0.434,0.43049999999999994,-2209379243.553608
param_7,62,0.434,0.4409999999999999,0.43749999999999994,-2066960568.592236
param_7,63,0.4409999999999999,0.448,0.44449999999999995,-1835856693.862241
param_7,64,0.448,0.455,0.4515,-2152683922.340237
param_7,65,0.455,0.462,0.4585,-2220012624.6075
param_7,66,0.462,0.469,0.4655,-2038560225.591441
param_7,67,0.469,0.4759999999999999,0.4724999999999999,-2011031717.283401
param_7,68,0.4759999999999999,0.483,0.4794999999999999,-1930546556.57459
param_7,69,0.483,0.49,0.4865,-2066352308.974191
param_7,70,0.49,0.4969999999999999,0.49349999999999994,-1875421153.166631
param_7,71,0.4969999999999999,0.504,0.5005,-1287339737.561568
param_7,72,0.504,0.5109999999999999,0.5075,-1000461339.969776
param_7,73,0.5109999999999999,0.518,0.5145,-1062890316.530058
param_7,74,0.518,0.525,0.5215000000000001,-741573872.8929908
param_7,75,0.525,0.5319999999999999,0.5285,-685112327.8584903
param_7,76,0.5319999999999999,0.539,0.5355,-624822602.8303509
param_7,77,0.539,0.5459999999999999,0.5425,-720778250.7333602
param_7,78,0.5459999999999999,0.5529999999999999,0.5494999999999999,-403682141.179562
param_7,79,0.5529999999999999,0.56,0.5565,-461958943.4403672
param_7,80,0.56,0.567,0.5635,-234770195.9290775
param_7,81,0.567,0.574,0.5705,-414001203.9282123
param_7,82,0.574,0.581,0.5774999999999999,-416402524.354268
param_7,83,0.581,0.588,0.5845,-234258656.3638313
param_7,84,0.588,0.595,0.5914999999999999,-266386075.770279
param_7,85,0.595,0.602,0.5985,-199421364.399206
param_7,86,0.602,0.609,0.6054999999999999,-339937508.2585551
param_7,87,0.609,0.616,0.6125,-233301613.6812311
param_7,88,0.616,0.623,0.6194999999999999,-124231646.8169396
param_7,89,0.623,0.6299999999999999,0.6265,-136659078.348228
param_7,90,0.6299999999999999,0.637,0.6335,-73647704.8330262
param_7,91,0.637,0.6439999999999999,0.6405,-73567355.55439177
param_7,92,0.6439999999999999,0.6509999999999999,0.6475,-36205827.50104287
param_7,93,0.6509999999999999,0.6579999999999999,0.6544999999999999,-420048.733132804
param_7,94,0.6579999999999999,0.665,0.6615,-1295614.89140359
param_7,95,0.665,0.6719999999999999,0.6685,-284772.8844821346
param_7,96,0.6719999999999999,0.6789999999999999,0.6755,-561677.6686538069
param_7,97,0.6789999999999999,0.6859999999999999,0.6824999999999999,-280628.6594041341
param_7,98,0.6859999999999999,0.693,0.6895,0.0
param_7,99,0.693,0.7,0.6964999999999999,0.0
param_8,0,0.0,0.006999999999999999,0.0034999999999999996,-357733850938.4824
param_8,1,0.006999999999999999,0.014,0.010499999999999999,-3183259307.473937
param_8,2,0.014,0.021,0.0175,-4720391152.683652
param_8,3,0.021,0.028,0.0245,-1830524333.154932
param_8,4,0.028,0.035,0.0315,-1711845635.241495
param_8,5,0.035,0.042,0.038500000000000006,-2471698968.956329
param_8,6,0.042,0.04899999999999999,0.0455,-626444395.8634677
param_8,7,0.04899999999999999,0.05599999999999999,0.05249999999999999,-2273551030.96688
param_8,8,0.05599999999999999,0.063,0.0595,-1742717090.675381
param_8,9,0.063,0.07,0.0665,-930116482.0564493
param_8,10,0.07,0.077,0.07350000000000001,-4760096066.5352
param_8,11,0.077,0.08399999999999999,0.08049999999999999,-2168385910.095352
param_8,12,0.08399999999999999,0.091,0.0875,-1118559634.070736
param_8,13,0.091,0.09799999999999999,0.0945,-1262355008.775608
param_8,14,0.09799999999999999,0.105,0.10149999999999999,-555320159.4659177
param_8,15,0.105,0.112,0.1085,-1343305566.508118
param_8,16,0.112,0.119,0.11549999999999999,-4811477208.154014
param_8,17,0.119,0.126,0.1225,-7069225965.525495
param_8,18,0.126,0.133,0.1295,-1776896156.423396
param_8,19,0.133,0.14,0.1365,-2160096632.42992
param_8,20,0.14,0.147,0.14350000000000002,-2042307840.56428
param_8,21,0.147,0.154,0.1505,-2097115981.438505
param_8,22,0.154,0.161,0.1575,-527335924.3704094
param_8,23,0.161,0.168,0.1645,-2524048049.059413
param_8,24,0.168,0.175,0.17149999999999999,-2817921850.610573
param_8,25,0.175,0.182,0.1785,-1665418797.832128
param_8,26,0.182,0.189,0.1855,-2574188713.296824
param_8,27,0.189,0.196,0.1925,-1684279459.299976
param_8,28,0.196,0.203,0.1995,-232499762.7474867
param_8,29,0.203,0.21,0.20650000000000002,-696208314.6920273
param_8,30,0.21,0.217,0.2135,-1100511343.755675
param_8,31,0.217,0.224,0.2205,-964411061.2732483
param_8,32,0.224,0.231,0.2275,-1844966932.152169
param_8,33,0.231,0.238,0.2345,-2305823817.880798
param_8,34,0.238,0.245,0.2415,-2732355480.615241
param_8,35,0.245,0.252,0.2485,-2222429740.314079
param_8,36,0.252,0.259,0.2555,-4971478207.2144
param_8,37,0.259,0.266,0.2625,-710391247.0826215
param_8,38,0.266,0.273,0.2695,-1449133168.822101
param_8,39,0.273,0.28,0.2765,-1009568433.665151
param_8,40,0.28,0.287,0.2835,-2998881183.684474
param_8,41,0.287,0.294,0.2905,-1152128089.347473
param_8,42,0.294,0.301,0.2975,-902910434.8479989
param_8,43,0.301,0.308,0.3045,-512722270.3086173
param_8,44,0.308,0.3149999999999999,0.31149999999999994,-5562051426.329494
param_8,45,0.3149999999999999,0.322,0.31849999999999995,-3294425694.375023
param_8,46,0.322,0.329,0.3255,-1777806058.138608
param_8,47,0.329,0.336,0.3325,-1439878495.827523
param_8,48,0.336,0.343,0.3395,-2853632645.338403
param_8,49,0.343,0.35,0.34650000000000003,-309939717.6052421
param_8,50,0.35,0.357,0.3535,-1186248617.219661
param_8,51,0.357,0.364,0.3605,-403969587.0796124
param_8,52,0.364,0.3709999999999999,0.36749999999999994,-433049364.8517562
param_8,53,0.3709999999999999,0.3779999999999999,0.3744999999999999,-1221649927.670362
param_8,54,0.3779999999999999,0.385,0.38149999999999995,-891921636.7363186
param_8,55,0.385,0.392,0.3885,-1063032592.842785
param_8,56,0.392,0.399,0.3955,-1920409697.862649
param_8,57,0.399,0.4059999999999999,0.40249999999999997,-137498442.8401138
param_8,58,0.4059999999999999,0.413,0.4095,-1071090748.905081
param_8,59,0.413,0.42,0.4165,-283311374.1507592
param_8,60,0.42,0.4269999999999999,0.42349999999999993,-1081445007.384881
param_8,61,0.4269999999999999,0.434,0.43049999999999994,-862174552.4259012
param_8,62,0.434,0.4409999999999999,0.43749999999999994,-3536453032.030975
param_8,63,0.4409999999999999,0.448,0.44449999999999995,-598810171.4100784
param_8,64,0.448,0.455,0.4515,-1996753351.196251
param_8,65,0.455,0.462,0.4585,-1485719529.739684
param_8,66,0.462,0.469,0.4655,-577045319.8023899
param_8,67,0.469,0.4759999999999999,0.4724999999999999,-709875660.4180763
param_8,68,0.4759999999999999,0.483,0.4794999999999999,-1406855179.315778
param_8,69,0.483,0.49,0.4865,-208176317.3948345
param_8,70,0.49,0.4969999999999999,0.49349999999999994,-582964773.6071019
param_8,71,0.4969999999999999,0.504,0.5005,0.0
param_8,72,0.504,0.5109999999999999,0.5075,0.0
param_8,73,0.5109999999999999,0.518,0.5145,0.0
param_8,74,0.518,0.525,0.5215000000000001,0.0
param_8,75,0.525,0.5319999999999999,0.5285,0.0
param_8,76,0.5319999999999999,0.539,0.5355,0.0
param_8,77,0.539,0.5459999999999999,0.5425,0.0
param_8,78,0.5459999999999999,0.5529999999999999,0.5494999999999999,0.0
param_8,79,0.5529999999999999,0.56,0.5565,0.0
param_8,80,0.56,0.567,0.5635,0.0
param_8,81,0.567,0.574,0.5705,0.0
param_8,82,0.574,0.581,0.5774999999999999,0.0
param_8,83,0.581,0.588,0.5845,0.0
param_8,84,0.588,0.595,0.5914999999999999,0.0
param_8,85,0.595,0.602,0.5985,0.0
param_8,86,0.602,0.609,0.6054999999999999,0.0
param_8,87,0.609,0.616,0.6125,0.0
param_8,88,0.616,0.623,0.6194999999999999,0.0
param_8,89,0.623,0.6299999999999999,0.6265,0.0
param_8,90,0.6299999999999999,0.637,0.6335,0.0
param_8,91,0.637,0.6439999999999999,0.6405,0.0
param_8,92,0.6439999999999999,0.6509999999999999,0.6475,0.0
param_8,93,0.6509999999999999,0.6579999999999999,0.6544999999999999,0.0
param_8,94,0.6579999999999999,0.665,0.6615,0.0
param_8,95,0.665,0.6719999999999999,0.6685,0.0
param_8,96,0.6719999999999999,0.6789999999999999,0.6755,0.0
param_8,97,0.6789999999999999,0.6859999999999999,0.6824999999999999,0.0
param_8,98,0.6859999999999999,0.693,0.6895,0.0
param_8,99,0.693,0.7,0.6964999999999999,0.0
param_9,0,0.0,0.03141592653589793,0.015707963267948963,-4169320152.714595
param_9,1,0.03141592653589793,0.06283185307179587,0.047123889803846894,-2884066458.300342
param_9,2,0.06283185307179587,0.09424777960769379,0.07853981633974483,-3128740128.716152
param_9,3,0.09424777960769379,0.1256637061435917,0.10995574287564275,-3461516099.216162
param_9,4,0.1256637061435917,0.1570796326794897,0.14137166941154072,-2913774468.058813
param_9,5,0.1570796326794897,0.1884955592153876,0.17278759594743864,-3217015152.52298
param_9,6,0.1884955592153876,0.2199114857512855,0.20420352248333656,-2140762519.467814
param_9,7,0.2199114857512855,0.2513274122871835,0.2356194490192345,-1828459569.735775
param_9,8,0.2513274122871835,0.2827433388230814,0.26703537555513246,-3312513105.661477
param_9,9,0.2827433388230814,0.3141592653589793,0.2984513020910303,-6505949082.297819
param_9,10,0.3141592653589793,0.3455751918948772,0.32986722862692824,-7297611434.547605
param_9,11,0.3455751918948772,0.3769911184307752,0.36128315516282616,-2227573886.966753
param_9,12,0.3769911184307752,0.4084070449666731,0.39269908169872414,-13579220115.10435
param_9,13,0.4084070449666731,0.439822971502571,0.42411500823462206,-3397121359.546478
param_9,14,0.439822971502571,0.4712388980384689,0.45553093477052,-3153284243.592604
param_9,15,0.4712388980384689,0.5026548245743669,0.48694686130641796,-3402466795.532669
param_9,16,0.5026548245743669,0.5340707511102649,0.5183627878423159,-6231820142.605103
param_9,17,0.5340707511102649,0.5654866776461628,0.5497787143782138,-4066689556.544057
param_9,18,0.5654866776461628,0.5969026041820606,0.5811946409141118,-4313496092.220104
param_9,19,0.5969026041820606,0.6283185307179586,0.6126105674500096,-13679663858.03651
param_9,20,0.6283185307179586,0.6597344572538566,0.6440264939859076,-2488217481.429353
param_9,21,0.6597344572538566,0.6911503837897545,0.6754424205218055,-2861664555.298666
param_9,22,0.6911503837897545,0.7225663103256523,0.7068583470577035,-4404497081.841129
param_9,23,0.7225663103256523,0.7539822368615503,0.7382742735936013,-5876032521.584019
param_9,24,0.7539822368615503,0.7853981633974483,0.7696902001294993,-8829088210.7167
param_9,25,0.7853981633974483,0.8168140899333463,0.8011061266653973,-3287528167.12916
param_9,26,0.8168140899333463,0.8482300164692441,0.8325220532012951,-2485712474.873274
param_9,27,0.8482300164692441,0.8796459430051421,0.8639379797371931,-3881776701.156503
param_9,28,0.8796459430051421,0.9110618695410401,0.8953539062730911,-5431263465.649951
param_9,29,0.9110618695410401,0.9424777960769378,0.926769832808989,-5955277866.521634
param_9,30,0.9424777960769378,0.9738937226128358,0.9581857593448868,-3480561067.095851
param_9,31,0.9738937226128358,1.005309649148734,0.989601685880785,-4301640548.842566
param_9,32,1.005309649148734,1.036725575684632,1.0210176124166832,-3565572169.983283
param_9,33,1.036725575684632,1.06814150222053,1.052433538952581,-3722387346.443827
param_9,34,1.06814150222053,1.099557428756428,1.0838494654884792,-3212866184.331277
param_9,35,1.099557428756428,1.130973355292326,1.115265392024377,-5423308159.425272
param_9,36,1.130973355292326,1.162389281828224,1.146681318560275,-16241388640.20392
param_9,37,1.162389281828224,1.193805208364121,1.1780972450961724,-8926371861.95446
param_9,38,1.193805208364121,1.225221134900019,1.2095131716320702,-1744325305.887444
param_9,39,1.225221134900019,1.256637061435917,1.240929098167968,-8102907655.365866
param_9,40,1.256637061435917,1.288052987971815,1.2723450247038661,-2229825926.838265
param_9,41,1.288052987971815,1.319468914507713,1.3037609512397639,-10838288157.50361
param_9,42,1.319468914507713,1.350884841043611,1.335176877775662,-3840775264.098783
param_9,43,1.350884841043611,1.382300767579509,1.3665928043115598,-1805582809.289748
param_9,44,1.382300767579509,1.413716694115407,1.398008730847458,-2956246854.618772
param_9,45,1.413716694115407,1.445132620651305,1.429424657383356,-10034493848.165
param_9,46,1.445132620651305,1.476548547187203,1.460840583919254,-7312653108.658178
param_9,47,1.476548547187203,1.507964473723101,1.4922565104551522,-5186241874.343801
param_9,48,1.507964473723101,1.539380400258999,1.52367243699105,-2542410747.619509
param_9,49,1.539380400258999,1.570796326794897,1.5550883635269481,-6263174866.687349
param_9,50,1.570796326794897,1.602212253330795,1.5865042900628459,-5676457160.572544
param_9,51,1.602212253330795,1.633628179866693,1.617920216598744,-5852994812.229816
param_9,52,1.633628179866693,1.66504410640259,1.6493361431346414,-4491583460.826466
param_9,53,1.66504410640259,1.696460032938488,1.6807520696705391,-4020790668.459028
param_9,54,1.696460032938488,1.727875959474386,1.712167996206437,-6917264590.975755
param_9,55,1.727875959474386,1.759291886010284,1.743583922742335,-2273549641.764672
param_9,56,1.759291886010284,1.790707812546182,1.7749998492782328,-4811687085.392946
param_9,57,1.790707812546182,1.82212373908208,1.806415775814131,-4084817919.829751
param_9,58,1.82212373908208,1.853539665617978,1.8378317023500288,-6608108684.563239
param_9,59,1.853539665617978,1.884955592153876,1.869247628885927,-1904506246.769652
param_9,60,1.884955592153876,1.916371518689774,1.9006635554218252,-1371751338.081624
param_9,61,1.916371518689774,1.947787445225672,1.932079481957723,-5627838164.377474
param_9,62,1.947787445225672,1.97920337176157,1.9634954084936211,-1517050257.193229
param_9,63,1.97920337176157,2.010619298297468,1.9949113350295191,-4357118226.343495
param_9,64,2.010619298297468,2.042035224833366,2.026327261565417,-2469563372.624613
param_9,65,2.042035224833366,2.073451151369264,2.0577431881013153,-8407379161.275382
param_9,66,2.073451151369264,2.104867077905161,2.0891591146372126,-5197911642.590034
param_9,67,2.104867077905161,2.13628300444106,2.120575041173111,-1511376312.018876
param_9,68,2.13628300444106,2.167698930976957,2.1519909677090086,-1793603056.90216
param_9,69,2.167698930976957,2.199114857512855,2.1834068942449063,-4224705780.94351
param_9,70,2.199114857512855,2.230530784048753,2.214822820780804,-4783501910.898814
param_9,71,2.230530784048753,2.261946710584651,2.246238747316702,-6430882343.324257
param_9,72,2.261946710584651,2.293362637120549,2.2776546738526,-3068189722.543684
param_9,73,2.293362637120549,2.324778563656447,2.309070600388498,-3035467471.824391
param_9,74,2.324778563656447,2.356194490192345,2.340486526924396,-4285959614.525064
param_9,75,2.356194490192345,2.387610416728243,2.3719024534602937,-3215628067.583581
param_9,76,2.387610416728243,2.419026343264141,2.403318379996192,-1673671352.260724
param_9,77,2.419026343264141,2.450442269800039,2.43473430653209,-10023697137.98407
param_9,78,2.450442269800039,2.481858196335937,2.466150233067988,-1982856630.736935
param_9,79,2.481858196335937,2.513274122871834,2.4975661596038856,-2224603333.023029
param_9,80,2.513274122871834,2.544690049407732,2.528982086139783,-7453003644.722443
param_9,81,2.544690049407732,2.57610597594363,2.560398012675681,-2829176182.641245
param_9,82,2.57610597594363,2.607521902479529,2.5918139392115798,-2637590227.271612
param_9,83,2.607521902479529,2.638937829015426,2.6232298657474775,-12076708949.31721
param_9,84,2.638937829015426,2.670353755551324,2.6546457922833753,-6862552438.323718
param_9,85,2.670353755551324,2.701769682087222,2.686061718819273,-5316617317.281617
param_9,86,2.701769682087222,2.73318560862312,2.717477645355171,-9156905728.873842
param_9,87,2.73318560862312,2.764601535159018,2.748893571891069,-8140136534.559427
param_9,88,2.764601535159018,2.796017461694916,2.780309498426967,-4483199381.761678
param_9,89,2.796017461694916,2.827433388230814,2.811725424962865,-11676264410.48293
param_9,90,2.827433388230814,2.858849314766712,2.8431413514987627,-2827777601.44995
param_9,91,2.858849314766712,2.890265241302609,2.8745572780346604,-1682227993.063506
param_9,92,2.890265241302609,2.921681167838508,2.905973204570558,-3540668233.399261
param_9,93,2.921681167838508,2.953097094374406,2.937389131106457,-10474428889.21184
param_9,94,2.953097094374406,2.984513020910303,2.9688050576423546,-1990231538.891356
param_9,95,2.984513020910303,3.015928947446201,3.0002209841782523,-3180777889.273621
param_9,96,3.015928947446201,3.047344873982099,3.03163691071415,-4131877526.117839
param_9,97,3.047344873982099,3.078760800517997,3.063052837250048,-2870061458.886582
param_9,98,3.078760800517997,3.110176727053895,3.094468763785946,-5567476411.998086
param_9,99,3.110176727053895,3.141592653589793,3.1258846903218442,0.0
param_10,0,0.0,0.06283185307179587,0.031415926535897934,-4645481964.098679
param_10,1,0.06283185307179587,0.1256637061435917,0.09424777960769379,-4706399545.545105
param_10,2,0.1256637061435917,0.1884955592153876,0.15707963267948966,-5412987731.962275
param_10,3,0.1884955592153876,0.2513274122871835,0.21991148575128555,-4385601604.399175
param_10,4,0.2513274122871835,0.3141592653589793,0.28274333882308145,-4964688745.640281
param_10,5,0.3141592653589793,0.3769911184307752,0.3455751918948773,-5303273004.630341
param_10,6,0.3769911184307752,0.439822971502571,0.4084070449666731,-4212651644.94911
param_10,7,0.439822971502571,0.5026548245743669,0.47123889803846897,-5284483143.70906
param_10,8,0.5026548245743669,0.5654866776461628,0.5340707511102649,-5089098047.769915
param_10,9,0.5654866776461628,0.6283185307179586,0.5969026041820606,-4437668189.070766
param_10,10,0.6283185307179586,0.6911503837897545,0.6597344572538566,-5274746226.960237
param_10,11,0.6911503837897545,0.7539822368615503,0.7225663103256523,-4985272579.996065
param_10,12,0.7539822368615503,0.8168140899333463,0.7853981633974483,-4438955695.003819
param_10,13,0.8168140899333463,0.8796459430051421,0.8482300164692442,-5359285939.381673
param_10,14,0.8796459430051421,0.9424777960769378,0.91106186954104,-4558423831.319039
param_10,15,0.9424777960769378,1.005309649148734,0.9738937226128359,-4648334552.123679
param_10,16,1.005309649148734,1.06814150222053,1.036725575684632,-5386827195.728677
param_10,17,1.06814150222053,1.130973355292326,1.099557428756428,-4566038217.889747
param_10,18,1.130973355292326,1.193805208364121,1.1623892818282235,-4711475693.424014
param_10,19,1.193805208364121,1.256637061435917,1.225221134900019,-5353532007.172792
param_10,20,1.256637061435917,1.319468914507713,1.288052987971815,-4120104666.351749
param_10,21,1.319468914507713,1.382300767579509,1.350884841043611,-5194584434.219389
param_10,22,1.382300767579509,1.445132620651305,1.413716694115407,-5311867609.969722
param_10,23,1.445132620651305,1.507964473723101,1.476548547187203,-4197386736.595263
param_10,24,1.507964473723101,1.570796326794897,1.539380400258999,-5215539718.71974
param_10,25,1.570796326794897,1.633628179866693,1.602212253330795,-5108106586.376727
param_10,26,1.633628179866693,1.696460032938488,1.6650441064025905,-4460093691.516586
param_10,27,1.696460032938488,1.759291886010284,1.727875959474386,-5258319162.218341
param_10,28,1.759291886010284,1.82212373908208,1.790707812546182,-4911318336.846514
param_10,29,1.82212373908208,1.884955592153876,1.8535396656179781,-4462986396.438386
param_10,30,1.884955592153876,1.947787445225672,1.916371518689774,-5323585386.609601
param_10,31,1.947787445225672,2.010619298297468,1.97920337176157,-4598039230.012953
param_10,32,2.010619298297468,2.073451151369264,2.0420352248333664,-4680469663.252316
param_10,33,2.073451151369264,2.13628300444106,2.104867077905162,-5381531405.630164
param_10,34,2.13628300444106,2.199114857512855,2.1676989309769574,-4408482221.83081
param_10,35,2.199114857512855,2.261946710584651,2.230530784048753,-4868616699.207663
param_10,36,2.261946710584651,2.324778563656447,2.2933626371205493,-5426250802.157043
param_10,37,2.324778563656447,2.387610416728243,2.356194490192345,-4138295434.954648
param_10,38,2.387610416728243,2.450442269800039,2.4190263432641412,-5217101656.922079
param_10,39,2.450442269800039,2.513274122871834,2.4818581963359367,-5383313861.239987
param_10,40,2.513274122871834,2.57610597594363,2.5446900494077322,-4189033831.370872
param_10,41,2.57610597594363,2.638937829015426,2.6075219024795278,-5249471991.298053
param_10,42,2.638937829015426,2.701769682087222,2.670353755551324,-5093475787.9691
param_10,43,2.701769682087222,2.764601535159018,2.7331856086231197,-4457862645.408654
param_10,44,2.764601535159018,2.827433388230814,2.796017461694916,-5352865597.77691
param_10,45,2.827433388230814,2.890265241302609,2.8588493147667116,-4900855965.312325
param_10,46,2.890265241302609,2.953097094374406,2.9216811678385075,-4478496327.91678
param_10,47,2.953097094374406,3.015928947446201,2.9845130209103035,-5304239068.282711
param_10,48,3.015928947446201,3.078760800517997,3.047344873982099,-4710543211.131694
param_10,49,3.078760800517997,3.141592653589793,3.1101767270538954,-4558689863.856091
param_10,50,3.141592653589793,3.204424506661589,3.173008580125691,-5397069004.69929
param_10,51,3.204424506661589,3.267256359733385,3.2358404331974873,-4445622690.481768
param_10,52,3.267256359733385,3.330088212805181,3.2986722862692828,-4887916290.779452
param_10,53,3.330088212805181,3.392920065876976,3.3615041393410783,-5402579126.681898
param_10,54,3.392920065876976,3.455751918948772,3.424335992412874,-4075075675.211867
param_10,55,3.455751918948772,3.518583772020568,3.48716784548467,-5264769587.76063
param_10,56,3.518583772020568,3.581415625092364,3.5499996985564657,-5290561327.391034
param_10,57,3.581415625092364,3.64424747816416,3.612831551628262,-4236728822.817059
param_10,58,3.64424747816416,3.707079331235956,3.6756634047000576,-5221863703.011509
param_10,59,3.707079331235956,3.769911184307751,3.738495257771853,-5050368181.184571
param_10,60,3.769911184307751,3.832743037379548,3.8013271108436495,-4354660132.507483
param_10,61,3.832743037379548,3.895574890451343,3.864158963915446,-5414440944.052199
param_10,62,3.895574890451343,3.95840674352314,3.9269908169872414,-4822702929.464983
param_10,63,3.95840674352314,4.021238596594936,3.9898226700590382,-4441195883.515312
param_10,64,4.021238596594936,4.084070449666731,4.052654523130833,-5294038700.905573
param_10,65,4.084070449666731,4.146902302738527,4.115486376202629,-4656839519.612901
param_10,66,4.146902302738527,4.209734155810323,4.178318229274424,-4517424071.410507
param_10,67,4.209734155810323,4.272566008882119,4.241150082346222,-5344907535.384956
param_10,68,4.272566008882119,4.335397861953915,4.303981935418017,-4374927762.585057
param_10,69,4.335397861953915,4.39822971502571,4.366813788489813,-4899631369.589301
param_10,70,4.39822971502571,4.461061568097507,4.429645641561608,-5386024408.313723
param_10,71,4.461061568097507,4.523893421169302,4.4924774946334045,-4054103888.422632
param_10,72,4.523893421169302,4.586725274241098,4.5553093477052,-5198663109.490349
param_10,73,4.586725274241098,4.649557127312894,4.618141200776996,-5261085275.487066
param_10,74,4.649557127312894,4.71238898038469,4.680973053848792,-4266576541.421669
param_10,75,4.71238898038469,4.775220833456485,4.743804906920587,-5189617199.827218
param_10,76,4.775220833456485,4.838052686528282,4.806636759992383,-4979666891.657904
param_10,77,4.838052686528282,4.900884539600077,4.869468613064179,-4458426058.447229
param_10,78,4.900884539600077,4.963716392671873,4.932300466135975,-5386450824.98134
param_10,79,4.963716392671873,5.026548245743669,4.995132319207771,-4644632489.389734
param_10,80,5.026548245743669,5.089380098815464,5.057964172279567,-4598988469.796487
param_10,81,5.089380098815464,5.15221195188726,5.120796025351362,-5296007255.62276
param_10,82,5.15221195188726,5.215043804959057,5.183627878423159,-4669991182.315548
param_10,83,5.215043804959057,5.277875658030853,5.246459731494955,-4577918631.511475
param_10,84,5.277875658030853,5.340707511102648,5.3092915845667505,-5401830798.52779
param_10,85,5.340707511102648,5.403539364174444,5.372123437638546,-4386564909.61571
param_10,86,5.403539364174444,5.466371217246239,5.434955290710342,-4954120807.37046
param_10,87,5.466371217246239,5.529203070318036,5.497787143782137,-5428257616.266603
param_10,88,5.529203070318036,5.592034923389832,5.560618996853934,-4072679654.20129
param_10,89,5.592034923389832,5.654866776461628,5.62345084992573,-5255846950.71319
param_10,90,5.654866776461628,5.717698629533423,5.686282702997525,-5273885345.47467
param_10,91,5.717698629533423,5.780530482605219,5.749114556069321,-4278667105.497068
param_10,92,5.780530482605219,5.843362335677015,5.811946409141116,-5278217690.177828
param_10,93,5.843362335677015,5.906194188748811,5.874778262212914,-5027894481.681771
param_10,94,5.906194188748811,5.969026041820607,5.937610115284709,-4476201438.425045
param_10,95,5.969026041820607,6.031857894892402,6.000441968356505,-5373653356.855893
param_10,96,6.031857894892402,6.094689747964199,6.0632738214283,-4654291308.454412
param_10,97,6.094689747964199,6.157521601035994,6.126105674500097,-4699826910.095689
param_10,98,6.157521601035994,6.220353454107791,6.188937527571893,-5275175259.654667
param_10,99,6.220353454107791,6.283185307179586,6.2517693806436885,0.0
param_11,0,0.0,0.12,0.06,0.0
param_11,1,0.12,0.24,0.18,0.0
param_11,2,0.24,0.36,0.3,0.0
param_11,3,0.36,0.48,0.42,0.0
param_11,4,0.48,0.6,0.54,-23252503307.66089
param_11,5,0.6,0.72,0.6599999999999999,-32416568998.0317
param_11,6,0.72,0.84,0.78,-8749952312.36733
param_11,7,0.84,0.96,0.8999999999999999,-19810473423.9952
param_11,8,0.96,1.08,1.02,-16979473175.47987
param_11,9,1.08,1.2,1.1400000000000001,-20247615512.1248
param_11,10,1.2,1.32,1.26,-32071679115.30088
param_11,11,1.32,1.44,1.38,-17236832207.49419
param_11,12,1.44,1.56,1.5,-10674567850.93134
param_11,13,1.56,1.68,1.62,-15520209608.41519
param_11,14,1.68,1.8,1.74,-9730670476.446499
param_11,15,1.8,1.92,1.8599999999999999,-10898403544.37523
param_11,16,1.92,2.04,1.98,-25504580007.21236
param_11,17,2.04,2.16,2.1,-15547424389.15065
param_11,18,2.16,2.28,2.2199999999999998,-10207662953.44642
param_11,19,2.28,2.4,2.34,-7584320448.297132
param_11,20,2.4,2.52,2.46,-8269582163.404111
param_11,21,2.52,2.64,2.58,-9143125723.640797
param_11,22,2.64,2.76,2.7,-4078730408.105431
param_11,23,2.76,2.88,2.82,-5609386034.894169
param_11,24,2.88,3.0,2.94,-2955075019.549987
param_11,25,3.0,3.12,3.06,-3864789709.106828
param_11,26,3.12,3.24,3.18,-10798397830.81318
param_11,27,3.24,3.36,3.3,-13108091856.25512
param_11,28,3.36,3.48,3.42,-5844913924.326802
param_11,29,3.48,3.6,3.54,-3279272475.700397
param_11,30,3.6,3.72,3.66,-3322788683.222316
param_11,31,3.72,3.84,3.7800000000000002,-4659700445.746407
param_11,32,3.84,3.96,3.9,-4320353984.053608
param_11,33,3.96,4.08,4.02,-3523715964.925666
param_11,34,4.08,4.2,4.140000000000001,-3080439453.231257
param_11,35,4.2,4.32,4.26,-4872551679.991824
param_11,36,4.32,4.44,4.380000000000001,-2846183630.470454
param_11,37,4.44,4.56,4.5,-4619781052.367563
param_11,38,4.56,4.68,4.619999999999999,-4167213902.901705
param_11,39,4.68,4.8,4.74,-15664480092.55718
param_11,40,4.8,4.92,4.859999999999999,-4610321320.185356
param_11,41,4.92,5.04,4.98,-5730349003.413951
param_11,42,5.04,5.16,5.1,-2643555875.418449
param_11,43,5.16,5.28,5.220000000000001,-3480408876.970394
param_11,44,5.28,5.4,5.34,-5364218622.897967
param_11,45,5.4,5.52,5.46,-3216217976.930119
param_11,46,5.52,5.64,5.58,-2228357056.482513
param_11,47,5.64,5.76,5.699999999999999,-4112888436.327025
param_11,48,5.76,5.88,5.82,-2147039496.343521
param_11,49,5.88,6.0,5.9399999999999995,-4229627951.413412
param_11,50,6.0,6.12,6.0600000000000005,-2315485879.301075
param_11,51,6.12,6.24,6.18,-1094560068.042741
param_11,52,6.24,6.36,6.300000000000001,-1865566011.391303
param_11,53,6.36,6.48,6.42,-1644882242.713672
param_11,54,6.48,6.6,6.54,-1420425162.363705
param_11,55,6.6,6.72,6.66,-2046250853.601799
param_11,56,6.72,6.84,6.779999999999999,-1265236483.267903
param_11,57,6.84,6.96,6.9,-4520332783.194105
param_11,58,6.96,7.08,7.02,-1095366883.135451
param_11,59,7.08,7.2,7.140000000000001,-1040135851.790789
param_11,60,7.2,7.32,7.26,-2731206317.967684
param_11,61,7.32,7.44,7.380000000000001,-1781613991.414025
param_11,62,7.44,7.56,7.5,-1169786605.289594
param_11,63,7.56,7.68,7.619999999999999,-987075029.0252562
param_11,64,7.68,7.8,7.74,-1487940365.96427
param_11,65,7.8,7.92,7.859999999999999,-1247683550.337241
param_11,66,7.92,8.04,7.9799999999999995,-1156271970.637773
param_11,67,8.04,8.16,8.1,-2021193427.537697
param_11,68,8.16,8.28,8.219999999999999,-1438715250.341958
param_11,69,8.28,8.4,8.34,-1465255287.028288
param_11,70,8.4,8.52,8.46,-1655968839.698353
param_11,71,8.52,8.64,8.58,-459184217.3464895
param_11,72,8.64,8.76,8.7,-1504367327.144395
param_11,73,8.76,8.88,8.82,-1623227543.08195
param_11,74,8.88,9.0,8.940000000000001,-854754141.8045044
param_11,75,9.0,9.12,9.059999999999999,-1546231921.529624
param_11,76,9.12,9.24,9.18,-493977671.5812773
param_11,77,9.24,9.36,9.3,-843563194.8529673
param_11,78,9.36,9.48,9.42,-722461619.4092928
param_11,79,9.48,9.6,9.54,-1343243552.522282
param_11,80,9.6,9.72,9.66,-1188524731.896931
param_11,81,9.72,9.84,9.780000000000001,-671857988.852598
param_11,82,9.84,9.96,9.9,-450558747.3369955
param_11,83,9.96,10.08,10.02,-1695394176.205999
param_11,84,10.08,10.2,10.14,-972373372.0005838
param_11,85,10.2,10.32,10.26,-592038657.9559127
param_11,86,10.32,10.44,10.379999999999999,-248134970.9683698
param_11,87,10.44,10.56,10.5,0.0
param_11,88,10.56,10.68,10.620000000000001,0.0
param_11,89,10.68,10.8,10.74,0.0
param_11,90,10.8,10.92,10.86,0.0
param_11,91,10.92,11.04,10.98,0.0
param_11,92,11.04,11.16,11.1,0.0
param_11,93,11.16,11.28,11.219999999999999,0.0
param_11,94,11.28,11.4,11.34,0.0
param_11,95,11.4,11.52,11.46,0.0
param_11,96,11.52,11.64,11.58,0.0
param_11,97,11.64,11.76,11.7,0.0
param_11,98,11.76,11.88,11.82,0.0
param_11,99,11.88,12.0,11.940000000000001,0.0
